code,EMA_10_mean,EMA_10_pre1_mean,EMA_10_pre2_mean,EMA_5_mean,EMA_5_pre1_mean,EMA_5_pre2_mean,EMA_gap_mean,EMA_gap_pre1_mean,EMA_gap_pre2_mean,KDJ_D_mean,KDJ_D_pre1_mean,KDJ_D_pre2_mean,KDJ_J_mean,KDJ_J_pre1_mean,KDJ_J_pre2_mean,KDJ_K_mean,KDJ_K_pre1_mean,KDJ_K_pre2_mean,Long_Short_Rate_OBV_mean,Long_Short_Rate_OBV_pre1_mean,Long_Short_Rate_OBV_pre2_mean,MACD_dea_mean,MACD_dea_pre1_mean,MACD_dea_pre2_mean,MACD_dif_mean,MACD_dif_pre1_mean,MACD_dif_pre2_mean,MACD_macd_mean,MACD_macd_pre1_mean,MACD_macd_pre2_mean,MOM_12_mean,MOM_12_pre1_mean,MOM_12_pre2_mean,MOM_25_mean,MOM_25_pre1_mean,MOM_25_pre2_mean,MOM_gap_mean,MOM_gap_pre1_mean,MOM_gap_pre2_mean,RSI_mean,RSI_pre1_mean,RSI_pre2_mean,Volume_mean,Volume_pre1_mean,Volume_pre2_mean,EMA_10_std,EMA_10_pre1_std,EMA_10_pre2_std,EMA_5_std,EMA_5_pre1_std,EMA_5_pre2_std,EMA_gap_std,EMA_gap_pre1_std,EMA_gap_pre2_std,KDJ_D_std,KDJ_D_pre1_std,KDJ_D_pre2_std,KDJ_J_std,KDJ_J_pre1_std,KDJ_J_pre2_std,KDJ_K_std,KDJ_K_pre1_std,KDJ_K_pre2_std,Long_Short_Rate_OBV_std,Long_Short_Rate_OBV_pre1_std,Long_Short_Rate_OBV_pre2_std,MACD_dea_std,MACD_dea_pre1_std,MACD_dea_pre2_std,MACD_dif_std,MACD_dif_pre1_std,MACD_dif_pre2_std,MACD_macd_std,MACD_macd_pre1_std,MACD_macd_pre2_std,MOM_12_std,MOM_12_pre1_std,MOM_12_pre2_std,MOM_25_std,MOM_25_pre1_std,MOM_25_pre2_std,MOM_gap_std,MOM_gap_pre1_std,MOM_gap_pre2_std,RSI_std,RSI_pre1_std,RSI_pre2_std,Volume_std,Volume_pre1_std,Volume_pre2_std
000001.XSHE,12.35724632,12.36185318,12.3664596,12.3457528,12.35037147,12.35499508,-0.011493517,-0.011481702,-0.011464521,47.25951367,47.26371969,47.26798281,47.24916534,47.23858594,47.2654394,47.25606423,47.25534177,47.26713501,3519897.201,3480095.448,3473079.414,-0.011428142,-0.011395454,-0.01135233,-0.011493517,-0.011481702,-0.011464521,-6.54E-05,-8.62E-05,-0.000112191,-0.055180802,-0.054746877,-0.054628534,-0.113247863,-0.113261012,-0.113405654,-0.058067061,-0.058514135,-0.05877712,49.08606754,49.08958789,49.0919187,85676241.21,85569539.59,85464158.13,3.002513857,3.002652218,3.002771148,3.034343718,3.034381325,3.034326731,0.255226765,0.255219816,0.255211736,24.42960667,24.42738313,24.4328555,36.06965799,36.03618735,35.99528843,25.66188549,25.64686132,25.64185585,70453954.05,70440816.89,70334455.56,0.234087679,0.234071514,0.234046476,0.255226765,0.255219816,0.255211736,0.082980015,0.082962802,0.082940043,1.353598901,1.353440092,1.353273763,1.994351787,1.994534774,1.99436617,1.418186323,1.418526348,1.418586891,13.91049013,13.90846602,13.90594037,76704704.92,76776171.06,76785895
000002.XSHE,15.49299707,15.48450957,15.47673268,15.51230207,15.5028577,15.49453377,0.019305003,0.018348133,0.017801088,46.87177354,46.76969678,46.68985426,47.22616604,47.05020654,46.90694015,46.98990438,46.86320003,46.76221622,5330976.463,5118805.75,4931645.98,0.018318128,0.01782469,0.017562968,0.019305003,0.018348133,0.017801088,0.000986876,0.000523443,0.00023812,0.094032033,0.09143454,0.090362117,0.182221448,0.176727019,0.172938719,0.088189415,0.085292479,0.082576602,50.72091135,50.72573836,50.74239436,104829385.2,104469555.3,104167451.7,7.971204976,7.972930485,7.974941992,7.987555271,7.988799705,7.990636072,0.336591714,0.334485515,0.333101189,24.42844994,24.46590196,24.49243613,35.49017793,35.48946116,35.53699002,25.55468696,25.59277394,25.62823164,94077900.02,93856080.99,93590479.06,0.304685655,0.302955304,0.301389368,0.336591714,0.334485515,0.333101189,0.11062781,0.110169301,0.110049561,1.819807846,1.809523248,1.800445514,2.4235397,2.405390899,2.395900942,1.792922379,1.787108263,1.784525521,13.67077744,13.66916074,13.68279255,110163816.6,110244786.4,110279705.1
000060.XSHE,9.934489908,9.934765797,9.934621749,9.935172545,9.936134613,9.936494913,0.000682637,0.001368816,0.001873164,46.96748516,46.99435529,47.02777836,46.90928319,46.88033942,46.93850621,46.9480845,46.95635,46.99802098,419990.1861,418718.964,581347.5594,0.001133105,0.00135834,0.001353102,0.000682637,0.001368816,0.001873164,-0.000450469,1.05E-05,0.000520062,0.007745223,0.010617834,0.011783439,-0.007343949,-0.010789809,-0.015522293,-0.015089172,-0.021407643,-0.027305732,49.06942002,49.06914736,49.08175105,36176873.42,36046968.96,35943907.16,2.995728989,2.989879617,2.982624578,3.054209521,3.050354701,3.04531502,0.279170513,0.274401049,0.271424949,24.62456646,24.63968168,24.64624227,35.67151532,35.68446999,35.71254101,25.75942166,25.7820052,25.79841161,32223217.98,32151347.95,31992444.75,0.250173172,0.248789269,0.249307148,0.279170513,0.274401049,0.271424949,0.096500531,0.096318027,0.095955142,1.491120183,1.471362904,1.468259161,2.089669761,2.10827524,2.144578654,1.667501927,1.675387989,1.681441175,13.95529883,13.95566711,13.95142244,34077875.59,34114283.36,34077971.67
000063.XSHE,17.47052816,17.47202168,17.47324761,17.46757781,17.46946306,17.47094209,-0.002950348,-0.00255862,-0.002305515,51.54958,51.47339415,51.40470504,51.80605378,51.68957916,51.59522867,51.63507126,51.54545582,51.46821292,1076846.167,1176283.998,1176662.554,-0.001715158,-0.001097563,-0.000367035,-0.002950348,-0.00255862,-0.002305515,-0.00123519,-0.001461057,-0.00193848,-0.022644518,-0.023016611,-0.024059801,0.046139535,0.05869103,0.071435216,0.068784053,0.081707641,0.095495017,51.28964094,51.30353317,51.31544129,51292332.64,50900526.07,50538515.97,6.453925036,6.452900883,6.451698013,6.501765107,6.500574782,6.49913127,0.442666721,0.441595482,0.441531971,24.81538712,24.9106704,25.00589416,36.6351056,36.63199625,36.65035957,25.99883967,26.07589754,26.16143681,45901758.4,45706732.42,45430622.99,0.408114316,0.407127081,0.406101397,0.442666721,0.441595482,0.441531971,0.136105011,0.135611891,0.134994036,2.348653229,2.348136329,2.348299364,3.252961812,3.215560522,3.186061492,2.08475429,2.038851287,2.003136645,13.86498839,13.83965964,13.82254524,45384938.01,45273409.44,45186411.76
000069.XSHE,7.095236165,7.094385192,7.093268685,7.098383362,7.098042272,7.09735867,0.003147197,0.003657079,0.004089985,47.86913305,47.87273831,47.87292867,47.86631299,47.84695813,47.87932628,47.86819303,47.86414491,47.87506121,219156.2017,227172.0755,283380.3497,0.003526083,0.003715526,0.003744749,0.003147197,0.003657079,0.004089985,-0.000378886,-5.84E-05,0.000345236,0.019059053,0.02073329,0.021992213,0.01798183,0.018520441,0.018792992,-0.001077223,-0.002212849,-0.003199221,50.64882197,50.66126913,50.68563282,52916948.81,52506654.75,52194360.95,1.553648123,1.551571189,1.548700527,1.57617891,1.575096581,1.573166409,0.124222148,0.121938794,0.120733448,23.23939054,23.2497729,23.26137918,34.24704111,34.28329378,34.26665521,24.38398871,24.40628905,24.40967235,50543326.58,49598107.39,49486727.72,0.109218936,0.109055603,0.109844187,0.124222148,0.121938794,0.120733448,0.047826515,0.047054484,0.046149265,0.664101549,0.66070676,0.661497015,0.9377775,0.93624243,0.938330776,0.74487348,0.74338029,0.742352757,12.52151183,12.51015432,12.50363597,56744028.55,56169179.17,55679921.16
000100.XSHE,3.258988213,3.258403752,3.257807133,3.260587819,3.260072584,3.259564609,0.001599606,0.001668833,0.001757476,47.76759805,47.73544229,47.70396008,47.91364454,47.8046999,47.77603716,47.81628021,47.75852816,47.72798577,8061413.592,7752279.229,7598421.681,0.001741716,0.001812772,0.001884741,0.001599606,0.001668833,0.001757476,-0.000142111,-0.000143939,-0.000127265,0.007808418,0.007902758,0.008069666,0.019194485,0.019557329,0.020043541,0.011386067,0.011654572,0.011973875,50.99802827,51.01522126,51.04107057,188055354.7,187138795.3,186780914.8,1.111192949,1.111557834,1.11191187,1.115558756,1.115905014,1.116220931,0.062758981,0.062737076,0.062720736,22.47045606,22.55393558,22.65595512,33.86886527,33.86906527,33.88710383,23.63826714,23.69478755,23.77131459,160615825.7,160508817,160526895.5,0.056985927,0.056982987,0.056986262,0.062758981,0.062737076,0.062720736,0.021457305,0.021441801,0.021421444,0.335504889,0.335530492,0.335441119,0.482716838,0.48257903,0.482408022,0.345676746,0.345539087,0.34532381,13.00348036,13.0021628,12.99554343,176370885.6,176853033,176973884.7
000157.XSHE,5.932751255,5.934900022,5.937023229,5.927285889,5.929387932,5.931409102,-0.005465366,-0.00551209,-0.005614127,46.25806513,46.23196354,46.19822539,46.31596587,46.32627646,46.30383569,46.27736537,46.26340118,46.23342882,1102769.043,903231.6957,1537108.94,-0.005652087,-0.005745448,-0.005862127,-0.005465366,-0.00551209,-0.005614127,0.000186721,0.000233358,0.000248,-0.026233354,-0.026106531,-0.026556753,-0.05994293,-0.06060241,-0.061198478,-0.033709575,-0.034495878,-0.034641725,48.77635989,48.77588067,48.76862144,71377201.82,70804481.04,70615552.89,1.868340341,1.868024202,1.867656379,1.877251426,1.876862284,1.876322219,0.101642797,0.10165667,0.101703131,23.6182489,23.61757498,23.6013717,34.81022161,34.80763871,34.82745445,24.78668861,24.7986958,24.79840791,72126591.47,71381344.58,70369288.44,0.092555576,0.092564982,0.092555643,0.101642797,0.10165667,0.101703131,0.034333713,0.034276764,0.034339699,0.543032135,0.543279017,0.543584295,0.764939073,0.76571262,0.766425315,0.568650441,0.569191599,0.570003129,12.69216928,12.6924099,12.69694817,89256519.77,88054986.4,87132725.46
000166.XSHE,5.690164316,5.694521519,5.698883848,5.679441572,5.683883907,5.68838034,-0.010722744,-0.010637612,-0.010503508,42.14249652,42.02487712,41.92859266,42.57653392,42.32026551,42.19373667,42.28717566,42.12333991,42.016974,-1474420.235,-1548746.031,-1539833.916,-0.010388,-0.010220628,-0.010012136,-0.010722744,-0.010637612,-0.010503508,-0.000334744,-0.000416984,-0.000491372,-0.053607748,-0.053050847,-0.052106538,-0.091961259,-0.090121065,-0.088062954,-0.038353511,-0.037070218,-0.035956416,45.05197726,45.01382605,44.98472181,34669127.41,34585220.71,34528647.03,0.611395882,0.608204232,0.60491267,0.623807129,0.620838372,0.617757874,0.041483739,0.041344931,0.041136297,24.47633503,24.56461256,24.65237259,34.67177805,34.60540063,34.66405011,25.48417976,25.54374651,25.62815717,24557752.33,24521352.73,24504587.82,0.037388432,0.037142792,0.036842705,0.041483739,0.041344931,0.041136297,0.013817627,0.013794012,0.01379642,0.228034683,0.226884535,0.22455602,0.278603972,0.2769577,0.275764825,0.213873661,0.213745805,0.213418473,12.9341633,12.95627124,12.96774253,23993989.99,24044614.96,24084485.3
000333.XSHE,36.93957834,36.92192345,36.90334183,36.99027804,36.97590438,36.96108621,0.050699699,0.053980931,0.057744376,53.62659577,53.65588888,53.71777058,53.61175828,53.53832814,53.48876505,53.62164994,53.61670197,53.6414354,1700985.067,1754915.296,1735651.659,0.058877779,0.062966818,0.067459762,0.050699699,0.053980931,0.057744376,-0.008178079,-0.008985888,-0.009715387,0.254726302,0.277970628,0.297863818,0.656208278,0.66540721,0.668531375,0.401481976,0.387436582,0.370667557,53.34033852,53.36161237,53.37199946,32797018.16,32761639.56,32745921,10.90537014,10.89995008,10.89501368,10.96020043,10.95373252,10.94797882,0.55827028,0.554391892,0.549061223,24.22263724,24.22288833,24.21263387,36.50877365,36.53867318,36.56695728,25.5187254,25.53618291,25.538052,22421463.05,22437005.05,22419014.09,0.48521539,0.478871387,0.471320832,0.55827028,0.554391892,0.549061223,0.206558131,0.206047904,0.205986774,2.928802403,2.902262835,2.874940637,3.874156633,3.87082758,3.872420063,2.901903224,2.925432295,2.94454573,11.27654515,11.26981289,11.26716848,16074304.94,16107145.85,16145939.22
000338.XSHE,17.29823543,17.3123032,17.32633377,17.26295102,17.2769613,17.29085914,-0.03528441,-0.035341903,-0.035474636,50.83291439,50.85862768,50.8744712,50.74845467,50.78452878,50.83121949,50.80476115,50.83392805,50.86005397,883976.832,894001.812,888854.7321,-0.035750609,-0.035983708,-0.036304611,-0.03528441,-0.035341903,-0.035474636,0.000466199,0.000641805,0.000829975,-0.165859671,-0.166965866,-0.168754741,-0.374962073,-0.378078382,-0.381131479,-0.209102402,-0.211112516,-0.212376738,50.22765651,50.22112516,50.21998718,28142673.47,28070340.05,28030412.22,8.364898967,8.368902424,8.372837497,8.385756676,8.389485187,8.392946492,0.418546661,0.418476396,0.418526813,25.82123665,25.81130257,25.79873595,37.11371359,37.16137469,37.17823509,26.98842023,26.99750809,26.99080717,25395856.16,25392621.55,25390215.46,0.381122294,0.381302859,0.381626678,0.418546661,0.418476396,0.418526813,0.141897704,0.141950054,0.141963609,2.227317317,2.227880355,2.228818018,3.214286258,3.21708384,3.219321244,2.331083707,2.331654249,2.332057435,13.71984664,13.72363271,13.72224387,28382850.15,28364200.59,28373131
000402.XSHE,8.595158734,8.594495616,8.593864825,8.59714086,8.596639906,8.596292772,0.001982126,0.002144291,0.002427947,47.63093804,47.67347125,47.72118902,47.52871174,47.52477965,47.57375438,47.59686261,47.62390738,47.67204414,1179501.207,952791.8869,901775.3333,0.002444462,0.00267563,0.0029413,0.001982126,0.002144291,0.002427947,-0.000462336,-0.00053134,-0.000513353,0.009595704,0.010018951,0.010991788,0.032425774,0.033543904,0.034914719,0.022830069,0.023524953,0.023922931,49.86089471,49.86972804,49.88920476,36994585.99,36761763.35,36638764.76,2.620352968,2.620723529,2.621023849,2.633949074,2.634255909,2.63438353,0.160068922,0.160000731,0.159956631,24.12267806,24.14356813,24.1531138,35.62551673,35.61398068,35.64798592,25.31904664,25.33830783,25.36001576,35345869.13,34378459.44,34340948.49,0.144585118,0.144488421,0.144364083,0.160068922,0.160000731,0.159956631,0.055745243,0.055686618,0.055709587,0.854717163,0.854178581,0.854038278,1.20232473,1.200946692,1.199923713,0.878606572,0.878221658,0.877831607,12.36179323,12.34933312,12.34807727,38974770.31,38311311.1,38147287.91
000413.XSHE,11.62291472,11.62670892,11.63044047,11.61487928,11.61939851,11.62413928,-0.008035444,-0.007310417,-0.00630119,48.39854008,48.42159803,48.43763507,48.33957637,48.31770787,48.41403015,48.37888551,48.38696797,48.42976676,-2287922.411,-2474893.724,-2492448.877,-0.006551584,-0.005809654,-0.005059272,-0.008035444,-0.007310417,-0.00630119,-0.00148386,-0.001500763,-0.001241918,-0.036283737,-0.03316263,-0.029923875,-0.053598616,-0.052200692,-0.047923875,-0.017314879,-0.019038062,-0.018,49.18792709,49.19965153,49.2423942,58707749.7,57981924,57302750.96,3.678468618,3.676109745,3.673686705,3.731255543,3.728987538,3.726764444,0.33941401,0.338880665,0.338858236,23.90686361,23.98866625,24.0496704,34.56663833,34.53271333,34.52084239,24.96242097,25.03245998,25.10102022,58473379.46,57519919.77,57348020.83,0.306611105,0.306469191,0.30646772,0.33941401,0.338880665,0.338858236,0.118370861,0.11808171,0.118265063,1.803487723,1.799345997,1.798588107,2.559215964,2.559571954,2.560915123,1.889390077,1.889437172,1.889194694,14.4844314,14.48146952,14.48523906,76686188.37,76387657.49,76056669.45
000415.XSHE,8.193177466,8.198193703,8.203317335,8.181605481,8.187106024,8.193090354,-0.011571985,-0.01108768,-0.010226981,48.0500828,47.8582248,47.67058465,48.65858153,48.39762282,48.23675637,48.25291571,48.03802414,47.85930855,-93024.07142,-122668.293,-31416.8743,-0.010402653,-0.009817987,-0.009183141,-0.011571985,-0.01108768,-0.010226981,-0.001169332,-0.001269692,-0.001043839,-0.053553114,-0.054148352,-0.050274725,-0.075879121,-0.060201465,-0.042857143,-0.022326007,-0.006053114,0.007417582,49.59737237,49.59398996,49.62949532,22453242.03,22156115.96,21928633.79,2.71805521,2.71975949,2.721568584,2.772133017,2.774378234,2.777447518,0.321503068,0.31994304,0.318546754,25.25239889,25.40884143,25.56345011,36.892349,37.033513,37.15572731,26.35319752,26.51506895,26.66318888,23884559.38,23865508.99,23691550.62,0.285279913,0.284034574,0.283086252,0.321503068,0.31994304,0.318546754,0.117080071,0.117224242,0.117358546,1.68968988,1.681479998,1.672934686,2.310062168,2.246936922,2.189213974,1.611009638,1.572123999,1.52978528,14.56872201,14.56780396,14.5933632,27989050.5,27965834.04,27943808.73
000423.XSHE,47.81179855,47.80634998,47.80111407,47.82478531,47.8190194,47.81357332,0.012986758,0.012669423,0.01245925,50.25308549,50.2450894,50.2493897,50.30179138,50.26030507,50.22054379,50.26932078,50.25016129,50.23977439,151266.8135,154487.6806,156491.6154,0.01290827,0.012869026,0.012968828,0.012986758,0.012669423,0.01245925,7.85E-05,-0.000199604,-0.000509579,0.059639924,0.058723942,0.058825016,0.144655717,0.145742262,0.147485786,0.085015793,0.08701832,0.088660771,50.55260917,50.54827146,50.54292402,8696384.752,8687491.474,8690927.135,10.16130222,10.16088276,10.16035056,10.21398428,10.21396584,10.2138722,0.587903063,0.588159128,0.58841322,24.71816887,24.71868766,24.72036315,36.63674328,36.62775288,36.63346734,25.97308604,25.9732432,25.97672093,6844088.514,6843325.052,6845637.973,0.527318969,0.52741643,0.527397964,0.587903063,0.588159128,0.58841322,0.212556357,0.212483905,0.212503464,3.158638116,3.157608797,3.160204671,4.362974402,4.361109396,4.359320978,3.241681582,3.238559571,3.237681074,11.7947056,11.79962299,11.8091564,6400910.86,6406932.541,6405627.246
000425.XSHE,7.822055569,7.827274471,7.832084752,7.810138594,7.815922634,7.821069849,-0.011916975,-0.011351836,-0.011014903,47.91701093,47.91254167,47.90181045,47.93310797,47.91753579,47.93972853,47.92237661,47.91420637,47.91444981,1825764.375,1847519.178,1819721.567,-0.011551461,-0.011368704,-0.011377138,-0.011916975,-0.011351836,-0.011014903,-0.000365514,1.69E-05,0.000362235,-0.054897436,-0.052467949,-0.050570513,-0.132820513,-0.132679487,-0.133301282,-0.077923077,-0.080211538,-0.082730769,49.02959043,49.04408067,49.057912,54059801.66,53917622.29,53794757.29,4.1572508,4.157680485,4.157468101,4.172762786,4.174080892,4.174558359,0.201182946,0.19989138,0.199296305,24.52840356,24.54485907,24.5646392,35.72729712,35.82374777,35.80778768,25.6809982,25.7128123,25.72170107,49859697.85,49812232.83,49752844.8,0.178809978,0.178524204,0.178785074,0.201182946,0.19989138,0.199296305,0.074374438,0.07426123,0.074215613,1.082813485,1.07653043,1.07545011,1.508926441,1.513495883,1.517404332,1.158249456,1.157992122,1.156355494,13.44438831,13.44650658,13.45588277,66774551.08,66795554.04,66817782.44
000503.XSHE,26.4076705,26.37241513,26.3333184,26.50943851,26.48099795,26.4473217,0.101768014,0.108582813,0.114003301,55.81198492,55.68164194,55.53759522,56.17973211,56.07816771,55.98752029,55.93456732,55.8138172,55.68757025,311922.1811,403738.1793,422415.9092,0.111294824,0.116058229,0.119795937,0.101768014,0.108582813,0.114003301,-0.00952681,-0.007475416,-0.005792636,0.471876833,0.500183284,0.526165689,1.208643695,1.233306452,1.251165689,0.736766862,0.733123167,0.725,54.15423976,54.14162643,54.11639511,18277693.6,18129952.01,18032633.54,14.74094522,14.7395613,14.73356484,14.84286259,14.848899,14.85096382,0.881578883,0.858996504,0.842086643,24.66815279,24.82337156,25.01231333,36.40159222,36.34911812,36.33628605,25.81104184,25.91281014,26.05687488,16128543.38,16005819.72,15952485.68,0.78066324,0.764957267,0.752727008,0.881578883,0.858996504,0.842086643,0.281892754,0.277599266,0.274863499,4.66693659,4.571058261,4.478022262,6.134925754,6.069376832,6.022161557,4.228182968,4.206996452,4.199719194,14.98592416,15.00682734,15.06449781,14842606.49,14876130.49,14921241.47
000538.XSHE,76.05283353,76.02132993,75.9898706,76.13022556,76.09803847,76.06560927,0.07739203,0.076708545,0.075738664,52.15256535,52.10851785,52.0710863,52.29860576,52.2372948,52.1728486,52.20124549,52.1514435,52.10500707,366941.9676,364880.7944,361379.6627,0.076007408,0.075315096,0.074618372,0.07739203,0.076708545,0.075738664,0.001384623,0.001393449,0.001120292,0.376614654,0.373846676,0.366892809,0.733527815,0.729457259,0.727666214,0.356913161,0.355610583,0.360773406,52.21817892,52.21668715,52.20768941,4895931.908,4884433.827,4876048.897,17.91042295,17.90318971,17.89542722,18.02330867,18.01732385,18.01074562,1.051536976,1.050890837,1.049547808,24.51872323,24.52273866,24.52492852,35.82134195,35.87318262,35.8862428,25.69232205,25.71567919,25.71473327,4481126.882,4479104.109,4478358.666,0.951027817,0.950153512,0.949209872,1.051536976,1.050890837,1.049547808,0.363273706,0.363313661,0.363167982,5.656367031,5.655368499,5.652295328,7.917396833,7.912212246,7.906176149,5.84436157,5.840806477,5.840669823,12.4236434,12.42503077,12.41142229,4891188.323,4896430.153,4899908.672
000540.XSHE,7.765670272,7.75933687,7.751879475,7.783389512,7.777998978,7.770550893,0.01771924,0.018662109,0.018671419,48.8085544,48.72757966,48.59539167,48.95501869,49.0123719,49.04654757,48.85737583,48.82251041,48.74577697,-589824.7654,-742373.966,-550380.9324,0.016297907,0.015587241,0.014049807,0.01771924,0.018662109,0.018671419,0.001421333,0.003074868,0.004621612,0.076776213,0.07942097,0.083348983,0.109123631,0.110633803,0.127159624,0.032347418,0.031212833,0.043810642,50.61878268,50.6063059,50.59461986,37101716.21,36372945.34,35734398.06,2.830528444,2.817656473,2.799835213,2.919687329,2.910374141,2.89327438,0.312225231,0.311487169,0.316792493,24.78468639,24.83873666,24.91119791,36.46482797,36.28814312,36.10265108,26.00296337,26.00218898,26.03497417,39858358.68,39458094.56,38888558.66,0.275790637,0.280241819,0.282755625,0.312225231,0.311487169,0.316792493,0.132599957,0.119217762,0.104940394,1.824129086,1.825478723,1.81960064,2.278735416,2.278748401,2.17592947,1.881729772,1.888843066,1.781483316,13.98671395,13.99302669,13.99611812,48233560.04,47561954.73,46840816.05
000559.XSHE,11.02357751,11.02365954,11.02390239,11.02318266,11.02316979,11.02347133,-0.000394853,-0.000489745,-0.000431055,46.62613072,46.62762643,46.65052078,46.67051289,46.59978184,46.55632591,46.64092478,46.6183449,46.61912249,157629.5025,155034.8986,159311.7999,-0.000329212,-0.000296392,-0.000199715,-0.000394853,-0.000489745,-0.000431055,-6.56E-05,-0.000193354,-0.00023134,-0.001473952,-0.002109276,-0.002452351,-0.000228717,-0.00092122,-0.000635324,0.001245235,0.001188056,0.001817027,48.40682428,48.40051426,48.39305897,36203816.89,36180236.47,36176866.01,5.124461084,5.12470186,5.124805204,5.163291086,5.163724638,5.163999461,0.365808985,0.365742501,0.366019536,25.10668101,25.12796047,25.15281983,36.38504972,36.3258826,36.31151901,26.27294127,26.27496704,26.29629764,35813597.49,35811656.13,35812931.29,0.332224711,0.332429094,0.332745118,0.365808985,0.365742501,0.366019536,0.125736875,0.125642075,0.125624724,1.998538147,1.998227409,1.998710445,2.592186621,2.592463693,2.594164066,2.077153837,2.07723857,2.077293492,13.39730163,13.40448056,13.41855721,39260979.01,39279789.04,39283207.27
000568.XSHE,33.30591298,33.29369549,33.28142824,33.33789308,33.32639376,33.3151416,0.031980098,0.032698276,0.033713358,50.85022042,50.85002591,50.84796793,50.85460536,50.84824126,50.85270862,50.85168207,50.84943103,50.84954816,608465.8017,602896.037,599338.7577,0.033944365,0.034926499,0.03604061,0.031980098,0.032698276,0.033713358,-0.001964267,-0.002228223,-0.002327253,0.153535032,0.157808917,0.161783439,0.37355414,0.377949045,0.381038217,0.220019108,0.220140127,0.219254777,51.07801555,51.07764149,51.07852266,13712080.21,13698771.71,13689998.62,14.56773235,14.55455403,14.54137552,14.631172,14.61920245,14.60780851,0.52359211,0.52276213,0.520970146,24.74736809,24.76317442,24.7686444,36.18804106,36.19113862,36.21122946,25.92891848,25.94920931,25.96408066,12357952.13,12357405.04,12355124,0.467347069,0.465313512,0.462548602,0.52359211,0.52276213,0.520970146,0.186086319,0.185531072,0.185394241,2.769082639,2.762990416,2.756265498,3.740554927,3.730885578,3.723301526,2.755900894,2.75461809,2.753718782,12.86557616,12.86588998,12.86459725,12384230.71,12395139.75,12401071.45
000623.XSHE,23.13194053,23.13442964,23.13712772,23.12471799,23.1267072,23.12891668,-0.007222541,-0.007722434,-0.008211042,48.3983857,48.38081204,48.36467394,48.4600764,48.41952402,48.41812754,48.41894927,48.39371603,48.38249181,-554519.336,-574450.8161,-559659.4626,-0.008218193,-0.008716018,-0.00921281,-0.007222541,-0.007722434,-0.008211042,0.000995651,0.000993584,0.001001769,-0.03147914,-0.035726928,-0.038286979,-0.096573957,-0.100252845,-0.10335019,-0.065094817,-0.064525917,-0.065063211,49.69347285,49.67439874,49.656892,15769819.67,15750190.9,15740446.75,6.335425625,6.334120154,6.33277437,6.38610118,6.384921885,6.383682195,0.447793415,0.448163466,0.448614139,25.54667607,25.56440434,25.57828381,36.8004679,36.81740416,36.82119085,26.70376826,26.72607853,26.74182902,13968412.2,13961808.46,13957423.72,0.407025734,0.407582416,0.408218021,0.447793415,0.448163466,0.448614139,0.154393328,0.154410965,0.154418897,2.399796315,2.403288296,2.407986062,3.39929641,3.403129536,3.40724256,2.523379426,2.524134961,2.523694563,13.31911838,13.35092132,13.38064051,13872531.14,13886034.51,13888619.07
000625.XSHE,12.54689803,12.54377023,12.54043655,12.55570893,12.55307682,12.55022932,0.008810897,0.00930659,0.009792779,49.68066186,49.69710164,49.70176474,49.62439199,49.63900126,49.70350701,49.66190524,49.67773485,49.7023455,384280.7178,397251.9384,374339.3658,0.009510341,0.009860062,0.010136798,0.008810897,0.00930659,0.009792779,-0.000699443,-0.000553472,-0.000344019,0.044134228,0.046577181,0.048389262,0.091268456,0.09233557,0.093644295,0.047134228,0.045758389,0.045255034,50.55423073,50.59146159,50.62687968,32358779.32,32284197.42,32250225.77,4.237965325,4.241088571,4.244225962,4.244679073,4.247815244,4.251004647,0.202165571,0.202000944,0.201812118,24.20841169,24.26604758,24.32736067,36.00301131,36.04443348,36.06486579,25.40876943,25.47107333,25.52479038,26288533.99,26263909.11,26251404.9,0.179412516,0.179330256,0.179276163,0.202165571,0.202000944,0.201812118,0.075820167,0.075746265,0.075568355,1.075448688,1.074579382,1.074177754,1.505778818,1.505412592,1.504822762,1.097829247,1.096783071,1.096037295,12.4150045,12.41880386,12.41663005,24443374.75,24480264.58,24510280.55
000627.XSHE,6.177018023,6.174071242,6.171049333,6.184655501,6.181843985,6.178931059,0.007637478,0.007772742,0.007881726,48.13474402,48.05012992,47.97155393,48.40612428,48.27844794,48.21526822,48.2252041,48.12623592,48.05279203,15987.20499,-42056.26704,6589.486674,0.007711163,0.007748006,0.007735637,0.007637478,0.007772742,0.007881726,-7.37E-05,2.47E-05,0.000146089,0.036311141,0.03642663,0.036902174,0.073627717,0.07502038,0.07576087,0.037316576,0.03859375,0.038858696,50.36185061,50.37436087,50.4030749,26260496.09,26061701.12,25949801.83,3.142198861,3.142530765,3.142485335,3.158735684,3.159599378,3.16015924,0.182924753,0.181181132,0.180622553,24.29573024,24.39163268,24.5055667,35.75430941,35.8404152,35.8562026,25.42700294,25.52156262,25.6087176,27156649.27,26970176.11,26888393.82,0.165831557,0.165700756,0.166402949,0.182924753,0.181181132,0.180622553,0.062581311,0.062376621,0.062113428,0.975513346,0.969833153,0.965739863,1.407786743,1.41054955,1.417824318,1.064054334,1.064387808,1.0642256,13.41595306,13.40902244,13.41505724,33313940.8,33219346.99,33201637.8
000630.XSHE,9.1110615,9.122183939,9.133304737,9.082875297,9.093807682,9.104641347,-0.028186204,-0.028376257,-0.028663389,43.24120643,43.21414203,43.18705809,43.31963593,43.29448518,43.27192364,43.26734959,43.24092308,43.21534661,852225.1764,847324.3554,847059.5708,-0.028807357,-0.029117933,-0.029488771,-0.028186204,-0.028376257,-0.028663389,0.000621153,0.000741676,0.000825382,-0.134364912,-0.135108772,-0.135677193,-0.3016,-0.304526316,-0.306119298,-0.167235088,-0.169417544,-0.170442105,46.46739091,46.48691722,46.50984631,76179583.13,76129002.13,76099944.6,6.521480269,6.523025272,6.524544584,6.534884372,6.5362465,6.537480235,0.276568488,0.276256204,0.275927691,23.05609218,23.07166643,23.07989926,33.91989715,33.95481932,33.96712297,24.18626849,24.21464554,24.2284382,102883881.3,102884309.4,102883427.1,0.251463942,0.251134254,0.250864302,0.276568488,0.276256204,0.275927691,0.092824615,0.093016293,0.093094859,1.470366616,1.468829267,1.467184486,2.121930988,2.121563034,2.121210838,1.531143709,1.533973282,1.534606284,13.79008207,13.78454393,13.77727298,132279954.1,132300928,132313391.5
000651.XSHE,30.92309884,30.9041918,30.8855945,30.97027876,30.95132787,30.93305199,0.047179918,0.047136072,0.047457486,53.35910009,53.25852179,53.19854612,53.74601796,53.53047382,53.323073,53.48807271,53.34917247,53.24005508,1030387.549,974048.2805,782868.5458,0.048065667,0.048508541,0.049194776,0.047179918,0.047136072,0.047457486,-0.000885748,-0.00137247,-0.00173729,0.225185444,0.227977607,0.229951015,0.507361791,0.507837649,0.509062281,0.282176347,0.279860042,0.279111267,53.75430047,53.74996416,53.74117752,48515129.18,48046300.95,47714686.08,10.2983633,10.2972873,10.29608016,10.39084738,10.39050514,10.39026486,0.780545503,0.780515272,0.780696921,24.36263883,24.41806522,24.45725785,36.59415665,36.62371852,36.67091125,25.61303503,25.68061968,25.72417332,45814980.91,45728915.6,45052956.29,0.705747037,0.705808481,0.70581402,0.780545503,0.780515272,0.780696921,0.272452889,0.27209571,0.27195378,4.085639903,4.084954019,4.085629141,6.086386687,6.086102115,6.086363606,4.228063649,4.227882138,4.228181411,12.5282866,12.53130449,12.54137211,50675171.56,49785824.14,49360523.57
000671.XSHE,9.917025238,9.916586549,9.915975762,9.918494639,9.918242288,9.917695887,0.001469401,0.001655739,0.001720125,50.60782706,50.5436971,50.50580638,50.846407,50.71799981,50.59137568,50.68735371,50.601798,50.53432948,909592.0525,904553.5969,876643.5966,0.001495982,0.001509272,0.001436039,0.001469401,0.001655739,0.001720125,-2.66E-05,0.000146467,0.000284087,0.01005925,0.011389072,0.009703752,0.001073074,-0.000329164,-0.000704411,-0.008986175,-0.011718236,-0.010408163,50.97521055,50.98250468,50.98094986,19673345.16,19580972.55,19505347.85,4.365624435,4.364901528,4.363741487,4.399018791,4.398659666,4.397936093,0.296988258,0.294168275,0.292557915,24.46575375,24.50994943,24.53698257,35.56859659,35.62849241,35.71201349,25.58416607,25.64111357,25.68612508,18081690.54,18071748.28,18045884.31,0.263607346,0.262683795,0.262730172,0.296988258,0.294168275,0.292557915,0.108753785,0.108261821,0.107887107,1.580117383,1.567245338,1.562164339,2.261767872,2.265375403,2.259493272,1.682475245,1.692185444,1.693579433,13.67807679,13.67684544,13.68448486,21742531.04,21775837.24,21813052.7
000709.XSHE,3.11073913,3.111090728,3.111533429,3.10960462,3.109828461,3.110193405,-0.001134509,-0.001262267,-0.001340024,45.1214204,45.08888071,45.05970561,45.23060794,45.1767485,45.14541375,45.15781625,45.11816998,45.08827499,4228977.296,3660676.546,3727081.453,-0.001354759,-0.001464884,-0.001566192,-0.001134509,-0.001262267,-0.001340024,0.000220249,0.000202617,0.000226168,-0.004390402,-0.005103761,-0.005466926,-0.018488975,-0.02001297,-0.021199741,-0.014098573,-0.014909209,-0.015732815,48.61302295,48.60322901,48.60739173,122693088,121795778.8,121135173.6,0.95777482,0.959116859,0.960723596,0.962638764,0.963514254,0.964786625,0.076271902,0.076103526,0.076006104,24.67506507,24.69505829,24.7080382,35.4795609,35.53320646,35.55828064,25.76947247,25.80621281,25.82274556,129816589.9,128173919.3,128148513.8,0.070066629,0.069923871,0.069798946,0.076271902,0.076103526,0.076006104,0.024056888,0.024048415,0.02405011,0.3963855,0.395136998,0.394599834,0.59525671,0.593918563,0.59303347,0.405121734,0.405217063,0.40520568,14.33939308,14.35133979,14.3646089,168903821.7,166159534.6,164569981
000723.XSHE,9.785968071,9.793141261,9.800158385,9.767896834,9.775000893,9.781719239,-0.018071237,-0.018140368,-0.018439146,48.03326754,47.94599428,47.83595845,48.24289208,48.22490752,48.20116769,48.10314238,48.03896536,47.95769486,580814.5533,556845.645,580946.625,-0.018812822,-0.019183615,-0.019705238,-0.018071237,-0.018140368,-0.018439146,0.000741585,0.001043247,0.001266092,-0.089307393,-0.089750973,-0.089937743,-0.203182879,-0.206708171,-0.211727626,-0.113875486,-0.116957198,-0.121789883,49.35626928,49.37571476,49.39567121,9933148.402,9837506.967,9721479.275,3.350986782,3.357226196,3.36310755,3.386121668,3.391476868,3.397333068,0.331616745,0.322030929,0.314002185,25.19865605,25.26960892,25.33382369,36.18367351,36.16298772,36.18470596,26.29229231,26.34591652,26.41649162,8513095.454,8485768.445,8375980.69,0.287846336,0.282521505,0.279985191,0.331616745,0.322030929,0.314002185,0.118434028,0.118412082,0.118115599,1.735842081,1.686135261,1.655577892,2.453259019,2.477712833,2.496998379,2.015410895,2.017560524,2.001856048,16.6063239,16.59322159,16.59781816,9717731.956,9682385.645,9611896.556
000725.XSHE,2.995003119,2.993702225,2.992359157,2.998255565,2.996954776,2.995559149,0.003252446,0.003252552,0.003199992,50.05523997,50.04139074,50.03059225,50.11020344,50.06667341,50.06583693,50.07356112,50.04981829,50.04234048,18052202.99,18432527.59,20093129.76,0.003166599,0.003123676,0.003059238,0.003252446,0.003252552,0.003199992,8.58E-05,0.000128876,0.000140755,0.01584127,0.015371429,0.014660317,0.03152381,0.031784127,0.031568254,0.01568254,0.016412698,0.016907937,51.6144127,51.60245452,51.59226901,402726158.9,400157488.9,398280052.9,1.129403097,1.129474878,1.129426811,1.133826034,1.134014005,1.134029892,0.057283107,0.057178409,0.057407538,23.12645395,23.13350003,23.15329135,34.41821375,34.42399916,34.38739741,24.31491408,24.32121866,24.322667,392121753.3,387177625.7,386941156,0.052508199,0.052743012,0.053086473,0.057283107,0.057178409,0.057407538,0.019556279,0.019326005,0.019164142,0.304285215,0.306627926,0.308332393,0.456778916,0.45578178,0.456875769,0.319959934,0.319752755,0.32022451,12.38914947,12.40969784,12.42632524,497238341.4,495170081.5,493036283.4
000728.XSHE,15.38116346,15.38235791,15.38363688,15.37749329,15.37834571,15.37921728,-0.003670173,-0.004012202,-0.004419596,47.09319475,47.02612961,46.96292471,47.30617176,47.2201988,47.14788404,47.16418709,47.09081934,47.02457782,-1107715.606,-1074107.216,-1048642.304,-0.004231289,-0.004511847,-0.00476167,-0.003670173,-0.004012202,-0.004419596,0.000561117,0.000499645,0.000342074,-0.020108974,-0.02200641,-0.024333333,-0.036852564,-0.037673077,-0.035525641,-0.01674359,-0.015666667,-0.011192308,49.49414617,49.48774196,49.47879996,33036051.8,32986429.21,32919482.22,7.297437161,7.296737761,7.296068201,7.330948912,7.329868552,7.32866496,0.398156086,0.398022228,0.397797679,24.02741448,24.04919416,24.06364339,35.43774071,35.4395011,35.44631148,25.20992543,25.23247217,25.25042608,28113670.4,28091238.29,28063490.4,0.360832358,0.360693749,0.36056288,0.398156086,0.398022228,0.397797679,0.13693857,0.136949949,0.136951561,2.096223961,2.094938893,2.093977391,3.134774381,3.134696585,3.135241281,2.174882427,2.174028564,2.172840044,13.74488559,13.75184808,13.75351738,30421728.16,30445308.31,30444738.2
